                  epoch,         train/box_loss,         train/cls_loss,         train/dfl_loss,   metrics/precision(B),      metrics/recall(B),       metrics/mAP50(B),    metrics/mAP50-95(B),           val/box_loss,           val/cls_loss,           val/dfl_loss,                 lr/pg0,                 lr/pg1,                 lr/pg2
                      1,                 1.6204,                 2.0865,                 1.4622,                 0.0512,                0.23228,                 0.0305,                0.01152,                 2.4029,                    inf,                 3.0399,                 0.0811,                 0.0021,                 0.0021
                      2,                  1.057,                0.88441,                 1.1107,                0.01766,                 0.1994,                 0.0104,                0.00304,                 2.8718,                    inf,                 5.1055,               0.061279,              0.0042787,              0.0042787
                      3,                  0.983,                0.74804,                 1.0722,                0.16675,                0.17021,                0.08205,                0.02371,                  2.801,                    inf,                 3.4765,               0.041436,              0.0064357,              0.0064357
                      4,                0.90583,                0.69235,                 1.0478,                 0.3363,                0.35957,                0.24543,                0.12493,                 1.8497,                 2.3761,                 2.0141,               0.021571,              0.0085708,              0.0085708
                      5,                0.88504,                0.65663,                 1.0359,                0.48882,                0.52561,                0.35344,                0.17207,                 1.7119,                 3.3911,                 1.8438,               0.009802,               0.009802,               0.009802
                      6,                0.83264,                0.60724,                 1.0155,                0.41314,                0.27344,                0.16608,                0.07349,                 2.2061,                    inf,                 2.2954,               0.009802,               0.009802,               0.009802
                      7,                0.80981,                0.58317,                 1.0135,                0.89652,                 0.4337,                0.48486,                0.34242,                 1.1574,                  1.744,                 1.4152,              0.0097525,              0.0097525,              0.0097525
                      8,                0.75618,                0.53464,                0.98609,                0.91059,                0.67538,                  0.788,                0.50753,                  1.156,                 1.3733,                 1.3293,               0.009703,               0.009703,               0.009703
                      9,                0.74104,                0.52384,                0.97827,                  0.837,                0.54222,                0.61717,                0.39935,                 1.1899,                 1.5464,                 1.4388,              0.0096535,              0.0096535,              0.0096535
                     10,                 0.7258,                0.50366,                0.97283,                0.81029,                0.64172,                0.72638,                0.52242,                 1.0705,                 1.1044,                 1.3388,               0.009604,               0.009604,               0.009604
                     11,                 0.6812,                0.48207,                0.95792,                0.93695,                0.82855,                0.92619,                0.76392,                0.67556,                 0.5026,                0.98283,              0.0095545,              0.0095545,              0.0095545
                     12,                0.67174,                0.47061,                0.95731,                0.90965,                0.78297,                0.84747,                 0.6873,                0.74506,                0.65316,                 1.0808,               0.009505,               0.009505,               0.009505
                     13,                0.65502,                0.45473,                0.94775,                0.85506,                0.79811,                0.87436,                0.70268,                0.71348,                0.64831,                  1.012,              0.0094555,              0.0094555,              0.0094555
                     14,                0.65503,                0.46075,                 0.9486,                 0.9407,                0.88985,                 0.9493,                0.78093,                0.66182,                0.49712,                0.95958,               0.009406,               0.009406,               0.009406
                     15,                0.64461,                0.45572,                0.94762,                0.90985,                0.75835,                0.84316,                0.72138,                0.58554,                0.70917,                0.95038,              0.0093565,              0.0093565,              0.0093565
                     16,                0.61123,                0.43574,                0.93591,                0.90499,                0.85495,                0.91909,                 0.7743,                0.60783,                0.49103,                0.95807,               0.009307,               0.009307,               0.009307
                     17,                0.62265,                0.42942,                0.93256,                0.92409,                0.92131,                0.95042,                0.82171,                0.54101,                0.36652,                0.91988,              0.0092575,              0.0092575,              0.0092575
                     18,                0.59294,                 0.4139,                0.92497,                0.89798,                0.89654,                0.93735,                0.80679,                0.56494,                0.40507,                0.91983,               0.009208,               0.009208,               0.009208
                     19,                0.57274,                 0.4015,                0.91845,                0.94514,                 0.8602,                0.93229,                0.79947,                0.51618,                0.40283,                0.90522,              0.0091585,              0.0091585,              0.0091585
                     20,                0.57824,                0.41065,                  0.925,                0.96003,                0.90833,                0.95401,                 0.8219,                0.52704,                0.38478,                0.92831,               0.009109,               0.009109,               0.009109
                     21,                0.59354,                0.40643,                0.92673,                0.95932,                0.89879,                0.95525,                0.82011,                0.52748,                 0.3709,                0.91472,              0.0090595,              0.0090595,              0.0090595
                     22,                0.55307,                0.38594,                0.91505,                0.94398,                0.90728,                0.94993,                0.85457,                0.44849,                 0.3475,                0.88744,                0.00901,                0.00901,                0.00901
                     23,                0.53845,                0.38173,                0.90869,                0.94578,                0.92661,                0.96384,                0.86021,                0.47488,                0.33326,                0.89883,              0.0089605,              0.0089605,              0.0089605
                     24,                0.55101,                0.38202,                0.90905,                0.96207,                0.92212,                0.96053,                0.82285,                0.54061,                0.34708,                0.91443,               0.008911,               0.008911,               0.008911
                     25,                0.54922,                0.37786,                0.90772,                0.95757,                0.87456,                0.93119,                0.81194,                0.50657,                  0.374,                 0.9143,              0.0088615,              0.0088615,              0.0088615
                     26,                0.53021,                0.37047,                0.90268,                0.84309,                0.64729,                0.71767,                0.61828,                0.61883,                 0.7171,                  1.029,               0.008812,               0.008812,               0.008812
                     27,                0.54198,                0.37313,                 0.9068,                0.94553,                 0.8822,                0.92755,                0.82117,                0.48487,                0.36951,                0.90687,              0.0087625,              0.0087625,              0.0087625
                     28,                0.53578,                 0.3742,                0.90366,                0.95631,                0.93247,                0.96741,                0.85676,                0.47125,                0.31551,                0.89365,               0.008713,               0.008713,               0.008713
                     29,                0.53076,                0.37209,                0.90263,                0.95762,                0.92559,                0.96895,                0.87904,                0.43287,                  0.303,                0.88541,              0.0086635,              0.0086635,              0.0086635
                     30,                0.52819,                 0.3667,                0.90452,                0.96579,                 0.9437,                0.96611,                0.85459,                0.47526,                0.30021,                0.89709,               0.008614,               0.008614,               0.008614
                     31,                0.54715,                0.37279,                0.90949,                0.94305,                0.90274,                0.95601,                0.83417,                0.48841,                0.34848,                0.91377,              0.0085645,              0.0085645,              0.0085645
                     32,                0.52246,                 0.3617,                0.90153,                0.94755,                0.91575,                0.95393,                0.83046,                0.48039,                0.32558,                0.90834,               0.008515,               0.008515,               0.008515
                     33,                0.51745,                0.35692,                0.89843,                0.96883,                0.93119,                0.96736,                0.87885,                0.43292,                0.29483,                0.88561,              0.0084655,              0.0084655,              0.0084655
                     34,                 0.5142,                0.35502,                0.89548,                0.95087,                0.92225,                0.95954,                 0.8599,                0.45403,                0.31388,                0.89279,               0.008416,               0.008416,               0.008416
                     35,                0.49833,                0.34643,                0.89087,                0.95359,                0.91548,                0.95513,                0.84266,                0.46533,                0.31244,                0.90105,              0.0083665,              0.0083665,              0.0083665
                     36,                0.49993,                0.34786,                0.89464,                0.95985,                0.92507,                0.96391,                0.87139,                0.40376,                0.29562,                0.88449,               0.008317,               0.008317,               0.008317
                     37,                0.49702,                0.33801,                0.89535,                0.95456,                0.92637,                0.96027,                0.87587,                0.42133,                0.29621,                0.88282,              0.0082675,              0.0082675,              0.0082675
                     38,                0.49097,                 0.3403,                0.89417,                0.95269,                0.92381,                 0.9593,                0.85642,                0.42546,                0.30169,                0.88928,               0.008218,               0.008218,               0.008218
                     39,                0.49575,                0.34039,                0.89165,                0.94861,                0.93677,                0.96503,                0.87917,                0.40916,                0.27551,                0.88614,              0.0081685,              0.0081685,              0.0081685
                     40,                 0.4871,                0.34038,                0.89175,                 0.9766,                0.86964,                0.93886,                0.82676,                0.46372,                0.32605,                0.89981,               0.008119,               0.008119,               0.008119
                     41,                0.49038,                0.33634,                0.89292,                0.96458,                0.89354,                0.94876,                0.86523,                0.41464,                0.30756,                0.88129,              0.0080695,              0.0080695,              0.0080695
                     42,                0.50682,                0.34359,                0.89745,                0.97561,                0.93509,                0.96969,                0.88457,                0.39687,                0.26979,                0.87729,                0.00802,                0.00802,                0.00802
                     43,                0.50462,                0.34478,                0.89267,                0.94521,                0.91379,                0.95321,                0.87688,                0.39906,                0.29281,                0.88084,              0.0079705,              0.0079705,              0.0079705
                     44,                0.48395,                0.33061,                0.88581,                0.94938,                0.93796,                0.96849,                 0.8853,                 0.3866,                 0.2601,                0.88127,               0.007921,               0.007921,               0.007921
                     45,                0.45964,                0.32074,                0.88096,                0.96758,                0.94124,                0.97029,                 0.8957,                 0.3717,                0.25809,                0.87311,              0.0078715,              0.0078715,              0.0078715
                     46,                0.46968,                0.32314,                0.88303,                0.97177,                0.94741,                0.97099,                0.90019,                0.34937,                 0.2411,                0.87002,               0.007822,               0.007822,               0.007822
                     47,                0.45588,                0.31245,                 0.8777,                0.96402,                0.94105,                0.96551,                0.88658,                0.36999,                0.26212,                0.87109,              0.0077725,              0.0077725,              0.0077725
                     48,                 0.4749,                0.32573,                0.88153,                0.96036,                0.93704,                0.96895,                0.89675,                0.36669,                0.25702,                0.87363,               0.007723,               0.007723,               0.007723
                     49,                0.46042,                0.31754,                0.88145,                0.96322,                0.93802,                0.96961,                0.89744,                0.36485,                0.24875,                 0.8715,              0.0076735,              0.0076735,              0.0076735
                     50,                0.46256,                0.31742,                0.88126,                0.96934,                0.92173,                0.96476,                0.88949,                0.37325,                0.26512,                0.87668,               0.007624,               0.007624,               0.007624
                     51,                0.47559,                0.32227,                0.88204,                 0.8878,                0.66384,                 0.8174,                0.64152,                0.71107,                0.75208,                 1.0659,              0.0075745,              0.0075745,              0.0075745
                     52,                0.45831,                0.31382,                0.87638,                0.96954,                0.92439,                0.96536,                0.89385,                0.35182,                0.24865,                0.87276,               0.007525,               0.007525,               0.007525
                     53,                0.45755,                0.31266,                0.88125,                0.96148,                 0.9448,                0.96711,                0.87734,                0.39251,                0.24815,                0.88095,              0.0074755,              0.0074755,              0.0074755
                     54,                0.46415,                  0.314,                0.88395,                0.97234,                0.93808,                0.97267,                0.89989,                0.37347,                0.25045,                0.87401,               0.007426,               0.007426,               0.007426
                     55,                0.45667,                 0.3098,                0.87644,                0.95577,                0.94143,                0.96625,                0.88168,                 0.4137,                 0.2684,                0.88436,              0.0073765,              0.0073765,              0.0073765
                     56,                0.44696,                0.30234,                 0.8755,                0.95671,                0.94945,                0.96597,                0.90291,                0.34183,                 0.2376,                0.86612,               0.007327,               0.007327,               0.007327
                     57,                0.45868,                0.31047,                0.88085,                0.96725,                0.94508,                0.97172,                0.89005,                 0.3896,                0.24737,                0.87669,              0.0072775,              0.0072775,              0.0072775
                     58,                0.45925,                0.31263,                0.87668,                0.97268,                0.93381,                0.96671,                0.88969,                0.35917,                0.25517,                0.87122,               0.007228,               0.007228,               0.007228
                     59,                0.47402,                0.32013,                0.88539,                0.96124,                0.94263,                0.96886,                0.89111,                0.36849,                0.24615,                0.87445,              0.0071785,              0.0071785,              0.0071785
                     60,                 0.4605,                0.30872,                0.87562,                0.96423,                0.95152,                0.97355,                0.89779,                0.36552,                0.24618,                0.87042,               0.007129,               0.007129,               0.007129
                     61,                0.43697,                0.29815,                0.87405,                0.95758,                 0.9573,                0.97328,                0.90635,                0.35058,                0.23513,                0.87379,              0.0070795,              0.0070795,              0.0070795
                     62,                0.44502,                0.30202,                 0.8767,                0.96398,                0.93937,                0.96865,                0.88663,                0.38545,                0.25542,                0.87729,                0.00703,                0.00703,                0.00703
                     63,                0.43303,                0.29537,                0.86945,                0.96496,                0.93738,                0.97124,                0.90112,                0.37004,                0.23999,                0.87249,              0.0069805,              0.0069805,              0.0069805
                     64,                0.43929,                0.29919,                0.87196,                0.96386,                0.94632,                0.97319,                 0.9028,                0.35795,                0.23696,                 0.8759,               0.006931,               0.006931,               0.006931
                     65,                0.43589,                0.29951,                0.87714,                0.95698,                0.94683,                0.96959,                0.89395,                0.36142,                 0.2441,                0.86766,              0.0068815,              0.0068815,              0.0068815
                     66,                0.41866,                0.29452,                0.86305,                0.97586,                0.94458,                0.97373,                0.90979,                0.32971,                0.22335,                0.86111,               0.006832,               0.006832,               0.006832
                     67,                0.43159,                0.29461,                  0.872,                0.96257,                0.94712,                0.97236,                0.89928,                 0.3743,                0.23863,                0.87318,              0.0067825,              0.0067825,              0.0067825
                     68,                0.44597,                 0.3009,                0.87788,                0.97242,                0.93449,                0.96683,                0.88561,                0.37862,                0.26455,                 0.8787,               0.006733,               0.006733,               0.006733
                     69,                0.42767,                0.28987,                0.86738,                0.95959,                0.94512,                0.97322,                0.90317,                0.35986,                 0.2397,                0.86853,              0.0066835,              0.0066835,              0.0066835
                     70,                0.43162,                0.29479,                0.86924,                0.96786,                0.94435,                0.97462,                0.91003,                0.32686,                0.22535,                0.85897,               0.006634,               0.006634,               0.006634
                     71,                0.41993,                0.28282,                0.86552,                0.97138,                0.94523,                0.97015,                0.90586,                0.33585,                0.22386,                0.86813,              0.0065845,              0.0065845,              0.0065845
                     72,                0.41402,                0.28368,                 0.8679,                0.97382,                0.93173,                 0.9682,                0.90753,                0.33398,                0.22372,                0.86421,               0.006535,               0.006535,               0.006535
                     73,                0.42814,                0.29381,                0.87341,                0.97283,                0.93767,                0.97244,                 0.9092,                0.33294,                0.22453,                0.86412,              0.0064855,              0.0064855,              0.0064855
                     74,                0.43691,                0.29282,                0.87025,                0.97401,                0.95086,                0.97504,                0.91089,                 0.3268,                0.21759,                 0.8654,               0.006436,               0.006436,               0.006436
                     75,                0.41451,                0.28206,                0.86809,                0.97437,                 0.9421,                0.97656,                 0.9136,                0.33704,                0.22016,                 0.8632,              0.0063865,              0.0063865,              0.0063865
                     76,                 0.4105,                 0.2861,                0.86767,                0.96691,                0.94008,                0.96809,                0.90058,                0.33766,                0.23438,                0.86871,               0.006337,               0.006337,               0.006337
                     77,                0.41827,                0.28755,                0.86571,                0.96804,                 0.9411,                0.97169,                0.89969,                0.38606,                0.24212,                0.86846,              0.0062875,              0.0062875,              0.0062875
                     78,                 0.4406,                0.29196,                0.87453,                0.96221,                0.95042,                0.96796,                0.90005,                0.37641,                0.23381,                0.86525,               0.006238,               0.006238,               0.006238
                     79,                0.40743,                0.28246,                 0.8614,                0.96301,                0.94649,                0.97054,                0.90525,                0.34747,                0.22661,                0.86603,              0.0061885,              0.0061885,              0.0061885
                     80,                0.40223,                0.27928,                0.85998,                0.96914,                0.92515,                0.96398,                0.88955,                0.36637,                0.24691,                0.87181,               0.006139,               0.006139,               0.006139
                     81,                0.41024,                0.27478,                0.86407,                0.97783,                0.93843,                0.97195,                 0.9046,                0.35647,                 0.2301,                0.87036,              0.0060895,              0.0060895,              0.0060895
                     82,                0.41602,                 0.2802,                0.86657,                0.96124,                 0.9379,                0.96791,                 0.9018,                0.33788,                0.22797,                0.86491,                0.00604,                0.00604,                0.00604
                     83,                0.40543,                 0.2745,                0.86036,                0.96775,                0.94451,                0.97466,                0.91363,                0.30336,                0.21056,                0.85646,              0.0059905,              0.0059905,              0.0059905
                     84,                0.40006,                0.27375,                0.86243,                0.96506,                0.94329,                0.97085,                0.90728,                0.31578,                 0.2055,                0.86288,               0.005941,               0.005941,               0.005941
                     85,                0.40131,                0.27123,                0.86131,                0.97273,                0.93804,                0.96674,                0.90663,                0.31289,                0.21676,                0.85664,              0.0058915,              0.0058915,              0.0058915
                     86,                0.40862,                0.27755,                0.85983,                0.96697,                0.94424,                0.96983,                0.90374,                0.34554,                0.23234,                0.86343,               0.005842,               0.005842,               0.005842
                     87,                0.39993,                0.27277,                0.86024,                 0.9737,                0.94794,                0.97231,                0.91043,                0.32047,                0.22161,                0.86215,              0.0057925,              0.0057925,              0.0057925
                     88,                0.39655,                0.27171,                0.86088,                 0.9767,                0.94556,                0.97637,                0.91295,                0.32325,                0.21169,                0.86801,               0.005743,               0.005743,               0.005743
                     89,                0.40553,                 0.2751,                0.85836,                0.97815,                0.94926,                0.97394,                0.90968,                0.33535,                0.21328,                0.86428,              0.0056935,              0.0056935,              0.0056935
                     90,                0.39398,                0.27204,                0.86015,                0.97763,                0.93327,                0.96862,                0.90841,                0.30678,                0.21299,                0.86238,               0.005644,               0.005644,               0.005644
                     91,                0.40281,                0.27317,                0.85837,                0.96669,                0.92057,                0.95865,                0.88804,                0.35335,                0.23497,                0.87835,              0.0055945,              0.0055945,              0.0055945
                     92,                 0.3866,                0.26525,                0.85793,                0.96604,                0.95199,                0.97263,                0.91336,                 0.3028,                0.20072,                0.85881,               0.005545,               0.005545,               0.005545
                     93,                0.40121,                0.27094,                0.86029,                0.97849,                0.94771,                0.97401,                0.91479,                 0.3044,                0.19434,                0.86067,              0.0054955,              0.0054955,              0.0054955
                     94,                0.39082,                 0.2678,                0.86028,                0.95464,                0.94923,                0.97222,                0.90516,                0.32421,                 0.2102,                0.86629,               0.005446,               0.005446,               0.005446
                     95,                 0.3886,                0.26847,                0.86065,                0.96987,                0.95237,                0.97389,                0.91184,                0.32914,                 0.2117,                0.85953,              0.0053965,              0.0053965,              0.0053965
                     96,                0.39722,                0.27022,                0.85756,                0.96355,                0.95259,                0.97439,                0.91108,                0.31155,                0.20906,                0.85982,               0.005347,               0.005347,               0.005347
                     97,                0.38659,                0.26302,                0.85386,                0.98082,                0.93813,                0.97301,                0.91412,                0.29599,                0.20263,                0.85731,              0.0052975,              0.0052975,              0.0052975
                     98,                0.37832,                0.25972,                0.85071,                0.96085,                0.94693,                 0.9709,                0.90738,                0.32901,                0.20656,                0.86307,               0.005248,               0.005248,               0.005248
                     99,                0.37978,                0.25726,                 0.8569,                0.97511,                0.95517,                0.97531,                0.91844,                0.29336,                0.19046,                0.85479,              0.0051985,              0.0051985,              0.0051985
                    100,                0.39483,                0.26702,                0.86126,                0.96572,                 0.9541,                0.97259,                0.91201,                  0.304,                0.20246,                0.86058,               0.005149,               0.005149,               0.005149
                    101,                0.38083,                0.26031,                0.85499,                0.97749,                0.94025,                0.97182,                0.90843,                0.31049,                0.20696,                0.86531,              0.0050995,              0.0050995,              0.0050995
                    102,                0.37708,                0.25632,                0.85341,                0.97185,                0.95416,                0.97567,                0.91459,                0.29468,                0.19483,                0.86015,                0.00505,                0.00505,                0.00505
                    103,                0.37352,                0.25247,                0.85182,                0.97069,                0.94479,                0.97004,                0.90996,                0.29907,                0.19947,                0.86213,              0.0050005,              0.0050005,              0.0050005
                    104,                0.38045,                 0.2569,                0.85315,                0.96172,                 0.9563,                0.97507,                0.91686,                0.29453,                0.19601,                0.85538,               0.004951,               0.004951,               0.004951
                    105,                0.37897,                0.25674,                0.85589,                0.97713,                 0.9448,                0.97327,                0.91306,                0.30318,                0.19797,                0.85616,              0.0049015,              0.0049015,              0.0049015
                    106,                 0.3844,                0.25937,                0.85345,                0.97378,                0.94435,                0.97027,                0.91321,                0.29663,                0.20393,                0.85744,               0.004852,               0.004852,               0.004852
                    107,                0.37169,                0.25455,                0.85165,                0.97072,                 0.9529,                0.97292,                0.90984,                0.30475,                0.20434,                0.86593,              0.0048025,              0.0048025,              0.0048025
                    108,                0.36909,                0.25177,                0.85194,                0.96983,                0.94683,                0.97252,                0.91723,                0.29307,                0.20315,                0.85234,               0.004753,               0.004753,               0.004753
                    109,                0.38181,                0.26134,                0.85604,                0.97075,                0.94461,                0.97284,                0.91446,                0.29157,                0.20054,                0.85285,              0.0047035,              0.0047035,              0.0047035
                    110,                0.38697,                0.26127,                0.85779,                0.97595,                0.94789,                 0.9743,                0.91348,                0.29253,                0.19454,                0.85455,               0.004654,               0.004654,               0.004654
                    111,                 0.3754,                 0.2526,                 0.8515,                0.96488,                0.95471,                0.97295,                0.91799,                0.28184,                0.19477,                0.85672,              0.0046045,              0.0046045,              0.0046045
                    112,                 0.3843,                 0.2571,                0.85955,                0.97064,                0.95573,                0.97419,                0.91687,                 0.2937,                0.18986,                0.85822,               0.004555,               0.004555,               0.004555
                    113,                0.36604,                0.24763,                0.85063,                0.96983,                0.94651,                0.97117,                0.91187,                0.29909,                0.20234,                0.85834,              0.0045055,              0.0045055,              0.0045055
                    114,                0.38255,                0.26066,                0.85563,                0.96398,                 0.9375,                 0.9664,                0.90977,                0.29589,                0.20847,                0.85888,               0.004456,               0.004456,               0.004456
                    115,                0.37235,                0.25512,                0.85011,                0.97292,                0.94915,                0.97362,                0.91645,                0.29006,                0.19806,                 0.8565,              0.0044065,              0.0044065,              0.0044065
                    116,                0.36512,                0.25006,                0.84829,                0.96849,                0.95252,                0.97379,                0.91553,                0.28264,                 0.1877,                0.85546,               0.004357,               0.004357,               0.004357
                    117,                0.36861,                0.24873,                 0.8513,                0.97157,                0.95203,                0.97492,                0.91205,                0.29139,                0.18732,                0.86131,              0.0043075,              0.0043075,              0.0043075
                    118,                0.35611,                0.24302,                0.84829,                0.97098,                0.95472,                0.97146,                0.91332,                0.28546,                0.18733,                0.85753,               0.004258,               0.004258,               0.004258
                    119,                0.36834,                0.24696,                0.85416,                0.97334,                0.94941,                0.97371,                0.91303,                 0.2954,                0.19239,                 0.8588,              0.0042085,              0.0042085,              0.0042085
                    120,                 0.3655,                0.25047,                  0.852,                0.96882,                0.95554,                 0.9742,                0.91466,                0.29824,                0.19596,                0.85809,               0.004159,               0.004159,               0.004159
                    121,                0.36807,                0.24748,                0.84938,                0.97242,                0.94418,                0.97236,                0.91459,                0.28774,                0.18589,                0.85789,              0.0041095,              0.0041095,              0.0041095
                    122,                 0.3645,                0.24497,                0.85064,                0.97802,                 0.9501,                0.97463,                0.91884,                0.28837,                 0.1831,                0.85391,                0.00406,                0.00406,                0.00406
                    123,                0.35721,                0.24452,                0.84698,                 0.9744,                0.94974,                0.97154,                0.91077,                0.28862,                0.18522,                0.85756,              0.0040105,              0.0040105,              0.0040105
                    124,                0.35672,                0.24248,                0.84621,                0.97372,                0.95448,                0.97286,                0.91413,                0.28513,                 0.1839,                0.85532,               0.003961,               0.003961,               0.003961
                    125,                0.36208,                0.24508,                0.84806,                0.97749,                0.95281,                0.97551,                0.91636,                0.28332,                0.18851,                0.85461,              0.0039115,              0.0039115,              0.0039115
                    126,                0.35971,                0.24365,                0.84548,                0.97168,                0.94923,                0.97329,                0.91838,                 0.2872,                0.18482,                0.85744,               0.003862,               0.003862,               0.003862
                    127,                0.34177,                0.23475,                0.84293,                0.96924,                0.94925,                0.97269,                0.91565,                0.27706,                0.18292,                0.85659,              0.0038125,              0.0038125,              0.0038125
                    128,                 0.3575,                0.24408,                0.84792,                 0.9713,                0.94987,                0.97552,                0.91878,                0.28078,                0.18508,                0.85519,               0.003763,               0.003763,               0.003763
                    129,                 0.3528,                0.23997,                0.85025,                0.97687,                0.95476,                0.97501,                0.91914,                0.27519,                0.18065,                0.85314,              0.0037135,              0.0037135,              0.0037135
                    130,                0.35011,                 0.2374,                0.84631,                 0.9726,                0.95578,                 0.9725,                0.91868,                0.27606,                 0.1818,                0.85428,               0.003664,               0.003664,               0.003664
                    131,                 0.3425,                0.23188,                 0.8418,                0.97666,                0.95345,                0.97326,                0.91767,                0.26832,                0.17171,                0.85384,              0.0036145,              0.0036145,              0.0036145
                    132,                0.33869,                0.23152,                0.84148,                0.97567,                0.95462,                0.97366,                0.91996,                0.27494,                0.17929,                0.85532,               0.003565,               0.003565,               0.003565
                    133,                0.34292,                0.23263,                0.84347,                0.97798,                0.95203,                 0.9748,                0.91703,                0.27322,                0.17292,                0.85455,              0.0035155,              0.0035155,              0.0035155
                    134,                0.34764,                0.23472,                0.84418,                0.97814,                0.94716,                0.97368,                0.91586,                0.28092,                0.18052,                0.85513,               0.003466,               0.003466,               0.003466
                    135,                0.34135,                0.23399,                0.84233,                0.96742,                0.95733,                0.97278,                0.91279,                0.27861,                0.18157,                 0.8558,              0.0034165,              0.0034165,              0.0034165
                    136,                0.34589,                 0.2344,                0.84525,                0.97466,                0.94458,                0.97298,                0.91775,                0.27304,                0.18444,                0.85282,               0.003367,               0.003367,               0.003367
                    137,                0.32799,                0.22788,                0.83892,                0.97872,                0.94403,                0.97321,                0.91782,                0.28285,                 0.1859,                0.85467,              0.0033175,              0.0033175,              0.0033175
                    138,                0.34344,                0.23268,                0.84438,                0.97807,                0.94621,                0.97361,                0.92276,                 0.2692,                0.18084,                0.85064,               0.003268,               0.003268,               0.003268
                    139,                0.34982,                0.23737,                0.84349,                0.97892,                0.94962,                0.97383,                0.92103,                0.27497,                0.17799,                0.85134,              0.0032185,              0.0032185,              0.0032185
                    140,                0.33418,                0.22933,                 0.8404,                0.97581,                0.95263,                0.97357,                0.91813,                0.27305,                0.17776,                0.85227,               0.003169,               0.003169,               0.003169
                    141,                0.34909,                0.23597,                0.84741,                0.96785,                0.95857,                 0.9745,                0.91913,                0.28042,                0.17722,                0.85413,              0.0031195,              0.0031195,              0.0031195
                    142,                 0.3409,                0.23199,                0.84258,                0.97778,                0.95029,                0.97211,                0.91894,                0.27278,                0.17486,                0.85137,                0.00307,                0.00307,                0.00307
                    143,                0.34528,                0.23194,                0.84396,                0.97773,                0.94377,                0.97268,                0.91725,                0.26264,                0.17342,                0.85029,              0.0030205,              0.0030205,              0.0030205
                    144,                0.33703,                0.22779,                0.84427,                0.97906,                0.94668,                0.97424,                0.92029,                0.27169,                0.17755,                0.85238,               0.002971,               0.002971,               0.002971
                    145,                0.33149,                0.22593,                 0.8382,                0.97295,                0.94939,                0.97147,                0.91749,                0.26944,                0.18012,                0.85592,              0.0029215,              0.0029215,              0.0029215
                    146,                0.33308,                0.22601,                0.84186,                0.96859,                0.95167,                0.97195,                0.91696,                0.27488,                0.17765,                0.85271,               0.002872,               0.002872,               0.002872
                    147,                0.32548,                0.22215,                0.83899,                0.97602,                0.95856,                 0.9743,                0.92135,                0.26394,                0.16857,                0.85139,              0.0028225,              0.0028225,              0.0028225
                    148,                0.33165,                0.22617,                0.83811,                0.97542,                0.95376,                0.97259,                0.91603,                0.26869,                0.17464,                 0.8533,               0.002773,               0.002773,               0.002773
                    149,                0.33088,                0.22426,                0.83874,                0.97248,                0.95684,                 0.9729,                0.91788,                0.27283,                0.17585,                0.85289,              0.0027235,              0.0027235,              0.0027235
                    150,                0.34077,                0.22993,                0.84153,                 0.9814,                0.94929,                0.97276,                0.91948,                0.26458,                0.17377,                0.85198,               0.002674,               0.002674,               0.002674
                    151,                0.33419,                0.22473,                 0.8385,                0.97418,                0.95679,                0.97413,                0.92191,                0.25954,                0.17143,                0.85045,              0.0026245,              0.0026245,              0.0026245
                    152,                0.32949,                0.22117,                0.83736,                0.98165,                0.95399,                 0.9731,                0.92109,                0.26693,                0.17457,                0.85347,               0.002575,               0.002575,               0.002575
                    153,                0.32481,                0.22252,                0.83899,                0.97122,                0.95713,                0.97293,                0.91915,                0.25888,                0.17058,                 0.8515,              0.0025255,              0.0025255,              0.0025255
                    154,                0.34192,                0.22762,                0.84229,                0.97607,                  0.949,                0.97353,                0.92199,                0.26304,                0.17446,                0.84967,               0.002476,               0.002476,               0.002476
                    155,                0.32561,                0.22141,                0.83905,                0.97804,                0.94788,                0.97233,                0.91864,                0.25778,                0.17178,                0.85096,              0.0024265,              0.0024265,              0.0024265
                    156,                 0.3359,                0.22366,                0.84329,                0.98029,                0.94944,                0.97368,                0.92011,                 0.2726,                 0.1704,                0.85589,               0.002377,               0.002377,               0.002377
                    157,                0.33922,                0.22718,                0.84255,                0.96846,                 0.9522,                0.97237,                0.91941,                0.26895,                0.17933,                0.85609,              0.0023275,              0.0023275,              0.0023275
                    158,                0.32088,                0.21842,                0.83909,                0.97945,                 0.9525,                0.97424,                0.91931,                0.26743,                0.16728,                0.85553,               0.002278,               0.002278,               0.002278
                    159,                0.33232,                0.22356,                0.84271,                0.97203,                0.95624,                0.97395,                 0.9184,                0.26813,                 0.1699,                0.85323,              0.0022285,              0.0022285,              0.0022285
                    160,                0.32058,                 0.2162,                0.83593,                0.97723,                0.95136,                0.97381,                0.92135,                0.26155,                0.16665,                0.85232,               0.002179,               0.002179,               0.002179
                    161,                0.32055,                0.21791,                0.83807,                0.98184,                0.94923,                0.97425,                0.91996,                0.26272,                0.16726,                0.85322,              0.0021295,              0.0021295,              0.0021295
                    162,                0.32284,                0.21814,                0.83512,                0.97613,                0.95754,                0.97448,                0.92013,                0.26435,                0.17015,                0.85285,                0.00208,                0.00208,                0.00208
                    163,                0.32393,                 0.2199,                0.83847,                0.97237,                 0.9563,                0.97304,                0.92051,                0.25965,                0.16709,                0.85156,              0.0020305,              0.0020305,              0.0020305
                    164,                0.32206,                 0.2174,                0.83725,                0.97792,                0.95572,                0.97384,                0.92065,                0.25837,                0.16904,                0.85238,               0.001981,               0.001981,               0.001981
                    165,                0.32343,                0.21612,                0.84105,                0.98115,                0.94997,                0.97357,                0.92101,                0.26834,                0.16857,                 0.8536,              0.0019315,              0.0019315,              0.0019315
                    166,                0.32583,                0.21758,                0.83731,                0.97887,                 0.9541,                0.97576,                0.92343,                0.26294,                0.16249,                0.85156,               0.001882,               0.001882,               0.001882
                    167,                0.31459,                0.21077,                0.83403,                0.98102,                0.95728,                0.97558,                0.92119,                0.25804,                0.16191,                0.85269,              0.0018325,              0.0018325,              0.0018325
                    168,                0.31602,                0.21325,                0.83396,                0.98194,                0.95147,                0.97386,                0.92112,                0.25861,                0.16517,                0.85407,               0.001783,               0.001783,               0.001783
                    169,                0.31232,                0.21233,                0.83413,                0.98192,                0.95018,                0.97393,                0.92196,                  0.257,                0.16323,                0.85218,              0.0017335,              0.0017335,              0.0017335
                    170,                0.32339,                 0.2159,                0.83955,                 0.9756,                0.95422,                0.97521,                0.92347,                0.25495,                0.16014,                0.85096,               0.001684,               0.001684,               0.001684
                    171,                0.31549,                0.21415,                0.83821,                0.97787,                0.94883,                0.97468,                 0.9226,                  0.259,                0.16198,                 0.8535,              0.0016345,              0.0016345,              0.0016345
                    172,                0.31808,                0.21643,                0.83669,                0.97989,                0.95399,                0.97373,                0.92215,                0.25033,                0.16075,                0.85055,               0.001585,               0.001585,               0.001585
                    173,                0.31439,                0.21213,                 0.8371,                0.97795,                0.95369,                0.97415,                0.92144,                0.25146,                0.16069,                 0.8507,              0.0015355,              0.0015355,              0.0015355
                    174,                0.30256,                0.20557,                0.83222,                0.98078,                0.95169,                0.97452,                0.91798,                0.25409,                0.15926,                0.85254,               0.001486,               0.001486,               0.001486
                    175,                 0.3044,                0.20677,                0.83185,                0.97284,                0.95854,                 0.9758,                0.92201,                0.25056,                0.15965,                0.84793,              0.0014365,              0.0014365,              0.0014365
                    176,                0.30582,                 0.2095,                0.83322,                0.97933,                0.95282,                0.97278,                0.91982,                0.25055,                0.16321,                 0.8507,               0.001387,               0.001387,               0.001387
                    177,                0.30754,                0.20716,                0.83571,                0.98117,                0.95437,                0.97474,                 0.9225,                0.24878,                0.16031,                0.85151,              0.0013375,              0.0013375,              0.0013375
                    178,                0.30196,                0.20482,                0.83012,                0.98317,                0.95404,                0.97489,                 0.9229,                 0.2508,                0.16058,                0.85301,               0.001288,               0.001288,               0.001288
                    179,                0.30651,                0.20617,                0.83215,                0.98131,                0.95284,                 0.9757,                0.92325,                0.25483,                0.16362,                0.85181,              0.0012385,              0.0012385,              0.0012385
                    180,                0.30075,                0.20626,                0.83238,                0.98185,                0.95326,                0.97476,                0.92159,                0.25436,                0.16354,                0.85245,               0.001189,               0.001189,               0.001189
                    181,                0.29559,                0.20402,                0.83239,                0.98209,                 0.9499,                 0.9728,                0.91958,                0.25323,                0.16215,                0.85298,              0.0011395,              0.0011395,              0.0011395
                    182,                0.30454,                0.20473,                0.83441,                0.98078,                0.95137,                0.97388,                 0.9217,                0.25311,                0.16262,                0.85452,                0.00109,                0.00109,                0.00109
                    183,                0.29292,                 0.2022,                 0.8293,                0.97384,                0.95506,                0.97283,                0.91938,                0.24964,                 0.1607,                0.85075,              0.0010405,              0.0010405,              0.0010405
                    184,                0.30127,                0.20563,                0.83348,                0.97383,                0.95359,                0.97245,                0.91991,                0.25078,                0.16479,                0.85289,               0.000991,               0.000991,               0.000991
                    185,                0.30223,                0.20308,                0.83227,                0.97966,                0.95341,                0.97333,                0.92118,                0.25285,                0.16541,                0.85309,              0.0009415,              0.0009415,              0.0009415
                    186,                0.29156,                0.19782,                0.82729,                 0.9759,                0.95645,                0.97357,                0.92282,                0.25097,                0.16237,                 0.8532,               0.000892,               0.000892,               0.000892
                    187,                0.29536,                0.20223,                0.82936,                0.97518,                 0.9549,                0.97339,                0.92074,                0.24835,                0.15821,                0.85212,              0.0008425,              0.0008425,              0.0008425
                    188,                0.29124,                 0.1987,                   0.83,                0.97679,                0.95651,                 0.9732,                0.92034,                0.25027,                0.15913,                0.85204,               0.000793,               0.000793,               0.000793
                    189,                0.29251,                0.19784,                0.82848,                0.97522,                 0.9564,                0.97427,                 0.9213,                0.25331,                0.16157,                0.85133,              0.0007435,              0.0007435,              0.0007435
                    190,                0.29608,                 0.1992,                0.83296,                0.97243,                0.95849,                0.97422,                0.92199,                0.24858,                0.15998,                0.85048,               0.000694,               0.000694,               0.000694
                    191,                 0.2731,                0.17643,                0.81872,                0.97605,                0.95948,                0.97329,                0.92049,                0.26032,                0.16297,                0.85114,              0.0006445,              0.0006445,              0.0006445
                    192,                0.26691,                0.17135,                0.81323,                0.98106,                0.95751,                0.97422,                0.92155,                0.25493,                0.15989,                0.85268,               0.000595,               0.000595,               0.000595
                    193,                0.26494,                0.17204,                0.81398,                0.98077,                0.95769,                0.97443,                0.92008,                 0.2528,                 0.1595,                0.85297,              0.0005455,              0.0005455,              0.0005455
                    194,                0.26222,                0.16875,                0.81304,                0.98254,                0.95528,                0.97556,                0.92275,                0.25081,                0.15857,                  0.852,               0.000496,               0.000496,               0.000496
                    195,                0.26024,                0.16861,                0.81402,                0.98197,                0.95596,                0.97474,                0.92269,                0.25195,                0.15925,                0.85216,              0.0004465,              0.0004465,              0.0004465
                    196,                0.25763,                0.16696,                0.81132,                0.97939,                  0.955,                0.97397,                0.92196,                0.25143,                0.15986,                0.85229,               0.000397,               0.000397,               0.000397
                    197,                0.25493,                0.16501,                0.81476,                0.98196,                0.95164,                0.97493,                0.92329,                 0.2457,                0.15737,                0.85112,              0.0003475,              0.0003475,              0.0003475
                    198,                0.25141,                0.16368,                0.81471,                0.97819,                0.95517,                0.97498,                0.92309,                0.24706,                0.15782,                0.85107,               0.000298,               0.000298,               0.000298
                    199,                0.24856,                0.16185,                0.81315,                0.97873,                0.95583,                0.97547,                0.92315,                0.24911,                0.15896,                0.85192,              0.0002485,              0.0002485,              0.0002485
                    200,                0.24925,                0.16262,                 0.8102,                0.98061,                0.95446,                0.97486,                0.92334,                0.24728,                0.15716,                 0.8518,               0.000199,               0.000199,               0.000199
